{
    "2024-08-09T03": {
        "national": [
            -7.288,
            2.2918478047,
            11.93
        ],
        "alabama": [
            -40.989,
            -26.769961625,
            -12.529
        ],
        "alaska": [
            -28.913,
            -14.7247626885,
            -0.453
        ],
        "arizona": [
            -10.371,
            0.1535365882,
            10.632
        ],
        "arkansas": [
            -41.934,
            -27.741426401,
            -13.484
        ],
        "california": [
            11.534,
            22.6262822866,
            33.799
        ],
        "colorado": [
            -8.172,
            6.0424993034,
            20.304
        ],
        "connecticut": [
            0.888,
            15.0946988031,
            29.376
        ],
        "delaware": [
            0.298,
            14.5201549305,
            28.76
        ],
        "district of columbia": [
            30.278,
            44.4796923768,
            58.744
        ],
        "florida": [
            -17.388,
            -6.330202394,
            4.755
        ],
        "georgia": [
            -11.667,
            -1.4677015206,
            8.7
        ],
        "hawaii": [
            18.744,
            32.9692183089,
            47.259
        ],
        "idaho": [
            -47.246,
            -33.0204654548,
            -18.768
        ],
        "illinois": [
            0.918,
            15.090809968,
            29.33
        ],
        "indiana": [
            -30.936,
            -16.7563936775,
            -2.508
        ],
        "iowa": [
            -19.774,
            -5.5727490657,
            8.665
        ],
        "kansas": [
            -34.758,
            -20.5657744101,
            -6.309
        ],
        "kentucky": [
            -41.99,
            -27.789932987,
            -13.562
        ],
        "louisiana": [
            -34.398,
            -20.1685174006,
            -5.943
        ],
        "maine": [
            -2.939,
            8.3945115323,
            19.563
        ],
        "maine-1": [
            4.033,
            18.2055794829,
            32.423
        ],
        "maine-2": [
            -18.787,
            -4.6144205171,
            9.603
        ],
        "maryland": [
            12.387,
            26.6031476906,
            40.838
        ],
        "massachusetts": [
            11.703,
            25.9323296896,
            40.194
        ],
        "michigan": [
            -8.762,
            1.432858735,
            11.684
        ],
        "minnesota": [
            -5.041,
            5.4790720592,
            16.187
        ],
        "mississippi": [
            -31.15,
            -16.9504666343,
            -2.728
        ],
        "missouri": [
            -30.252,
            -16.072628938,
            -1.833
        ],
        "montana": [
            -25.134,
            -15.1756753142,
            -5.181
        ],
        "nebraska": [
            -37.845,
            -23.6440489864,
            -9.384
        ],
        "nebraska-1": [
            -32.897,
            -18.7244205171,
            -4.507
        ],
        "nebraska-2": [
            -16.617,
            -2.4444205171,
            11.773
        ],
        "nebraska-3": [
            -64.407,
            -50.2344205171,
            -36.017
        ],
        "nevada": [
            -10.42,
            0.1577829831,
            10.871
        ],
        "new hampshire": [
            -5.365,
            5.0899987779,
            15.6
        ],
        "new jersey": [
            -0.329,
            13.9017131894,
            28.147
        ],
        "new mexico": [
            -4.014,
            7.1582253897,
            18.384
        ],
        "new york": [
            3.352,
            14.7485077289,
            26.238
        ],
        "north carolina": [
            -13.428,
            -2.7286403552,
            8.096
        ],
        "north dakota": [
            -45.491,
            -31.2867796345,
            -17.029
        ],
        "ohio": [
            -20.131,
            -8.8314366801,
            2.443
        ],
        "oklahoma": [
            -50.225,
            -36.0029790514,
            -21.737
        ],
        "oregon": [
            -5.061,
            6.1312719201,
            17.443
        ],
        "pennsylvania": [
            -10.466,
            -0.2644572042,
            9.873
        ],
        "rhode island": [
            5.191,
            19.3765104745,
            33.649
        ],
        "south carolina": [
            -28.006,
            -13.8056444801,
            0.44
        ],
        "south dakota": [
            -40.424,
            -26.2521118089,
            -12.028
        ],
        "tennessee": [
            -39.047,
            -24.8593430193,
            -10.607
        ],
        "texas": [
            -26.121,
            -11.9015050736,
            2.336
        ],
        "utah": [
            -44.768,
            -30.5603217168,
            -16.286
        ],
        "vermont": [
            16.438,
            30.6589633543,
            44.92
        ],
        "virginia": [
            -8.906,
            1.4292938077,
            11.649
        ],
        "washington": [
            2.645,
            14.2838201594,
            26.125
        ],
        "west virginia": [
            -51.714,
            -37.5027526791,
            -23.267
        ],
        "wisconsin": [
            -9.036,
            1.1231010761,
            11.285
        ],
        "wyoming": [
            -59.304,
            -45.1218221818,
            -30.889
        ]
    },
    "2024-08-09T06": {
        "national": [
            -7.832,
            1.646500423,
            11.243
        ],
        "alabama": [
            -41.514,
            -27.4290308282,
            -13.528
        ],
        "alaska": [
            -28.242,
            -14.1380484073,
            -0.25
        ],
        "arizona": [
            -12.12,
            -1.6519218745,
            8.781
        ],
        "arkansas": [
            -42.574,
            -28.4825381903,
            -14.573
        ],
        "california": [
            12.777,
            24.5832725902,
            36.253
        ],
        "colorado": [
            -6.766,
            7.3534747766,
            21.243
        ],
        "connecticut": [
            1.411,
            15.4932640533,
            29.359
        ],
        "delaware": [
            0.433,
            14.5085904507,
            28.4
        ],
        "district of columbia": [
            30.322,
            44.4470857596,
            58.355
        ],
        "florida": [
            -17.705,
            -6.6052501069,
            4.344
        ],
        "georgia": [
            -12.902,
            -2.4401214299,
            8.021
        ],
        "hawaii": [
            16.55,
            30.6923983367,
            44.589
        ],
        "idaho": [
            -47.067,
            -32.9746020568,
            -19.065
        ],
        "illinois": [
            0.977,
            15.0557674114,
            28.931
        ],
        "indiana": [
            -31.873,
            -17.798693656,
            -3.913
        ],
        "iowa": [
            -22.002,
            -7.9427967297,
            5.922
        ],
        "kansas": [
            -33.535,
            -19.4556110121,
            -5.556
        ],