{
    "2024-08-09T03": {
        "National": [
            -7.288,
            2.2918478047,
            11.93
        ],
        "Alabama": [
            -40.989,
            -26.769961625,
            -12.529
        ],
        "Alaska": [
            -28.913,
            -14.7247626885,
            -0.453
        ],
        "Arizona": [
            -10.371,
            0.1535365882,
            10.632
        ],
        "Arkansas": [
            -41.934,
            -27.741426401,
            -13.484
        ],
        "California": [
            11.534,
            22.6262822866,
            33.799
        ],
        "Colorado": [
            -8.172,
            6.0424993034,
            20.304
        ],
        "Connecticut": [
            0.888,
            15.0946988031,
            29.376
        ],
        "Delaware": [
            0.298,
            14.5201549305,
            28.76
        ],
        "District of Columbia": [
            30.278,
            44.4796923768,
            58.744
        ],
        "Florida": [
            -17.388,
            -6.330202394,
            4.755
        ],
        "Georgia": [
            -11.667,
            -1.4677015206,
            8.7
        ],
        "Hawaii": [
            18.744,
            32.9692183089,
            47.259
        ],
        "Idaho": [
            -47.246,
            -33.0204654548,
            -18.768
        ],
        "Illinois": [
            0.918,
            15.090809968,
            29.33
        ],
        "Indiana": [
            -30.936,
            -16.7563936775,
            -2.508
        ],
        "Iowa": [
            -19.774,
            -5.5727490657,
            8.665
        ],
        "Kansas": [
            -34.758,
            -20.5657744101,
            -6.309
        ],
        "Kentucky": [
            -41.99,
            -27.789932987,
            -13.562
        ],
        "Louisiana": [
            -34.398,
            -20.1685174006,
            -5.943
        ],
        "Maine": [
            -2.939,
            8.3945115323,
            19.563
        ],
        "Maine-1": [
            4.033,
            18.2055794829,
            32.423
        ],
        "Maine-2": [
            -18.787,
            -4.6144205171,
            9.603
        ],
        "Maryland": [
            12.387,
            26.6031476906,
            40.838
        ],
        "Massachusetts": [
            11.703,
            25.9323296896,
            40.194
        ],
        "Michigan": [
            -8.762,
            1.432858735,
            11.684
        ],
        "Minnesota": [
            -5.041,
            5.4790720592,
            16.187
        ],
        "Mississippi": [
            -31.15,
            -16.9504666343,
            -2.728
        ],
        "Missouri": [
            -30.252,
            -16.072628938,
            -1.833
        ],
        "Montana": [
            -25.134,
            -15.1756753142,
            -5.181
        ],
        "Nebraska": [
            -37.845,
            -23.6440489864,
            -9.384
        ],
        "Nebraska-1": [
            -32.897,
            -18.7244205171,
            -4.507
        ],
        "Nebraska-2": [
            -16.617,
            -2.4444205171,
            11.773
        ],
        "Nebraska-3": [
            -64.407,
            -50.2344205171,
            -36.017
        ],
        "Nevada": [
            -10.42,
            0.1577829831,
            10.871
        ],
        "New Hampshire": [
            -5.365,
            5.0899987779,
            15.6
        ],
        "New Jersey": [
            -0.329,
            13.9017131894,
            28.147
        ],
        "New Mexico": [
            -4.014,
            7.1582253897,
            18.384
        ],
        "New York": [
            3.352,
            14.7485077289,
            26.238
        ],
        "North Carolina": [
            -13.428,
            -2.7286403552,
            8.096
        ],
        "North Dakota": [
            -45.491,
            -31.2867796345,
            -17.029
        ],
        "Ohio": [
            -20.131,
            -8.8314366801,
            2.443
        ],
        "Oklahoma": [
            -50.225,
            -36.0029790514,
            -21.737
        ],
        "Oregon": [
            -5.061,
            6.1312719201,
            17.443
        ],
        "Pennsylvania": [
            -10.466,
            -0.2644572042,
            9.873
        ],
        "Rhode Island": [
            5.191,
            19.3765104745,
            33.649
        ],
        "South Carolina": [
            -28.006,
            -13.8056444801,
            0.44
        ],
        "South Dakota": [
            -40.424,
            -26.2521118089,
            -12.028
        ],
        "Tennessee": [
            -39.047,
            -24.8593430193,
            -10.607
        ],
        "Texas": [
            -26.121,
            -11.9015050736,
            2.336
        ],
        "Utah": [
            -44.768,
            -30.5603217168,
            -16.286
        ],
        "Vermont": [
            16.438,
            30.6589633543,
            44.92
        ],
        "Virginia": [
            -8.906,
            1.4292938077,
            11.649
        ],
        "Washington": [
            2.645,
            14.2838201594,
            26.125
        ],
        "West Virginia": [
            -51.714,
            -37.5027526791,
            -23.267
        ],
        "Wisconsin": [
            -9.036,
            1.1231010761,
            11.285
        ],
        "Wyoming": [
            -59.304,
            -45.1218221818,
            -30.889
        ]
    }
}