{
    "2024-08-09T03": {
        "National": 0.64884,
        "Alabama": 0.00122,
        "Alaska": 0.04522,
        "Arizona": 0.5093,
        "Arkansas": 0.00098,
        "California": 0.99962,
        "Colorado": 0.76018,
        "Connecticut": 0.95934,
        "Delaware": 0.95336,
        "District of Columbia": 1.0,
        "Florida": 0.17478,
        "Georgia": 0.4046,
        "Hawaii": 1.0,
        "Idaho": 0.0001,
        "Illinois": 0.95944,
        "Indiana": 0.02696,
        "Iowa": 0.25866,
        "Kansas": 0.00848,
        "Kentucky": 0.00096,
        "Louisiana": 0.00962,
        "Maine": 0.88988,
        "Maine-1": 0.98286,
        "Maine-2": 0.2967,
        "Maryland": 0.99906,
        "Massachusetts": 0.99874,
        "Michigan": 0.59146,
        "Minnesota": 0.80386,
        "Mississippi": 0.0258,
        "Missouri": 0.0323,
        "Montana": 0.00656,
        "Nebraska": 0.00312,
        "Nebraska-1": 0.01528,
        "Nebraska-2": 0.38886,
        "Nebraska-3": 0.0,
        "Nevada": 0.5094,
        "New Hampshire": 0.78854,
        "New Jersey": 0.94662,
        "New Mexico": 0.85332,
        "New York": 0.98334,
        "North Carolina": 0.33622,
        "North Dakota": 0.0002,
        "Ohio": 0.09858,
        "Oklahoma": 0.0,
        "Oregon": 0.8133,
        "Pennsylvania": 0.48214,
        "Rhode Island": 0.9875,
        "South Carolina": 0.0553,
        "South Dakota": 0.00134,
        "Tennessee": 0.00202,
        "Texas": 0.08474,
        "Utah": 0.00038,
        "Vermont": 0.99984,
        "Virginia": 0.59076,
        "Washington": 0.9786,
        "West Virginia": 0.0,
        "Wisconsin": 0.57354,
        "Wyoming": 0.0
    }
}